model,pca,standard,tune,accuracy,precision,recall,f1
dt,False,False,,0.5698522167487684,0.37218304219790793,0.3974083520471411,0.3639007167257256
dt,False,True,,0.5698522167487684,0.37218304219790793,0.3974083520471411,0.3639007167257256
dt,True,True,,0.5667980295566502,0.42434366088046893,0.3905130202379878,0.35420034462434813
knn,False,False,,0.5533990147783252,0.3548996154702802,0.3835851191858649,0.34877034839781446
knn,False,True,,0.5629556650246306,0.41308282267133495,0.3958264665298767,0.3644715448612413
knn,True,True,,0.5638423645320197,0.41342513668624575,0.39596781410196813,0.36426035279054836
